{"adsMode":"Remote","adsSingleIdMode":"1","summaryAdLocal":"1","timeLimitedMode":"0","timeLimitedConnection":"0","defaultTimeLimit":"15","minTimeLimit":"5","extendTimeSmall":"45","extendTimeBig":"90","report":"0","fixedServer":"1","repair":"0","summary":"0","adsTest":"0","screenMirroring":"1","hotspot":"1","adsDisabledFirst":"0","adsDisabledPeriod":"0","drawerCodeItemEnabled":"1","disconnectDialogEnabled":"0","summaryScreenEnabled":"0","reportScreenEnabled":"0","youtubeChan":"https://youtube.com","telegramChan":"https://telegram.com","livechat":"","email":"admin@google.com","telegram":"swingvpniran","whatsapp":"+12345298809","facebook":"https://facebook.com","instagram":"https://instagram.com","twitter":"https://twitter.com","tiktok":"https://tiktok.com","fakeServerList":"0","fakeServerListP":"0","fakeServerListPP":"0","fakeServerListPPS":"0","fakeServerListVIP":"0","fakeServerListGP":"0","gdServers":"1gLZgqn-8vffX4RY6bTZGi_IgvhsK_CxC","gdServersTP":"1884SFANIyTZkSk721UJHsM5HSCrsjMnN","gdServersPP":"1PbC6XQE92_m6pveyl4WWBd8EO4ilQqN6","gdServersPPS":"15__dxVm_cjzLPtTUBJ6bNAN6mkdqNZND","gdServersVIP":"1qr95a0fwbzvZE8eJkZJD0y1PvULQimSd","gdServersGP":"1axix8OQBsGzcwWhsJWi0OERQ_cQcwwx7","ghServers":"A1_s","ghServersTP":"A1_sp","ghServersPP":"A1_spp","ghServersPPS":"A1_spps","ghServersVIP":"A1_svip","ghServersGP":"A1_sgp","update":{"enabled":"0","updateVersionName":"1.8.2","updateForcedCode":"1830","updateAbout":"1. Faster Connection;2. Some Servers Added;3. User Experience Improvements;4. Minor Bugs","updateMirror1":"https://mega.nz/file/Qo4SHQhR#hTscHPI2nmUsQCcAA2VKAgUmVJILSyS-NU5SJuTae18","updateMirror2":"https://f1.downloadsix.art/SwingVPN-v182.apk"},"urls":{"enabled":"1","minTime":"10","maxTime":"10","randCi":"1","urlList":[{"url":"https://www.science.gov.tm/news/20230112news-2023-01-12/","method":"GET"},{"url":"https://www.science.gov.tm/organisations/classifier/reseach_institutes/","method":"GET"},{"url":"https://www.science.gov.tm/library/articles/article-asirow-25/","method":"GET"}],"uaList":["Mozilla/5.0 (X11; Linux x86_64; rv:109.0) Gecko/20100101 Firefox/112.0","Mozilla/5.0 (Windows NT 10.0; Win64; x64) AppleWebKit/537.36 (KHTML, like Gecko) Chrome/112.0.0.0 Safari/537.36","Mozilla/5.0 (Linux; Android 10; SM-G980F Build/QP1A.190711.020; wv) AppleWebKit/537.36 (KHTML, like Gecko) Version/4.0 Chrome/78.0.3904.96 Mobile Safari/537.36","Mozilla/5.0 (Linux; Android 10) AppleWebKit/537.36 (KHTML, like Gecko) Chrome/111.0.5563.116 Mobile Safari/537.36","Mozilla/5.0 (Linux; Android 12; Pixel 6 Build/SD1A.210817.023; wv) AppleWebKit/537.36 (KHTML, like Gecko) Version/4.0 Chrome/94.0.4606.71 Mobile Safari/537.36"]}}