{"Servers":[{"name":"97924","type":"2","status":"r","addr":"94.237.49.138","port":"16743","config":"","country":"GB","protocol":"U1","purpose":"General","scene":"vip"},{"name":"97945","type":"2","status":"r","addr":"5.22.211.146","port":"11585","config":"","country":"NL","protocol":"U2","purpose":"General","scene":"vip"},{"name":"200553","type":"2","status":"r","addr":"95.111.214.76","port":"8974","config":"","country":"US","protocol":"U3","purpose":"General","scene":"vip"},{"name":"83989","type":"2","status":"r","addr":"94.237.27.97","port":"10994","config":"","country":"DE","protocol":"U1","purpose":"General","scene":"vip"},{"name":"88693","type":"2","status":"r","addr":"94.237.15.146","port":"9282","config":"","country":"FI","protocol":"U2","purpose":"General","scene":"vip"},{"name":"23346","type":"2","status":"r","addr":"5.22.218.34","port":"9432","config":"","country":"ES","protocol":"U1","purpose":"General","scene":"vip"},{"name":"88750","type":"2","status":"r","addr":"185.70.199.59","port":"5919","config":"","country":"PL","protocol":"U1","purpose":"General","scene":"vip"},{"name":"65409","type":"2","status":"r","addr":"95.111.203.70","port":"3473","config":"","country":"SG","protocol":"U3","purpose":"General","scene":"vip"},{"name":"140221","type":"2","status":"r","addr":"95.111.216.162","port":"18265","config":"","country":"AU","protocol":"U2","purpose":"General","scene":"vip"}],"type":2}