{"adsMode":"Remote","adsSingleIdMode":"1","summaryAdLocal":"0","timeLimitedMode":"0","timeLimitedConnection":"0","defaultTimeLimit":"15","minTimeLimit":"5","extendTimeSmall":"45","extendTimeBig":"90","report":"1","fixedServer":"1","repair":"1","summary":"0","adsTest":"0","screenMirroring":"1","hotspot":"1","adsDisabledFirst":"0","adsDisabledPeriod":"0","drawerCodeItemEnabled":"0","disconnectDialogEnabled":"0","summaryScreenEnabled":"0","reportScreenEnabled":"0","youtubeChan":"","telegramChan":"","livechat":"https://demolivechat.com/","email":"","telegram":"","whatsapp":"","facebook":"","instagram":"","twitter":"","tiktok":"","fakeServerList":"0","fakeServerListP":"0","fakeServerListPP":"0","fakeServerListPPS":"0","fakeServerListVIP":"0","fakeServerListGP":"0","gdServers":"1dkWYd9-dvXCK5RFAinZXFbbMRtzDOgy3","gdServersTP":"1PqB5dh8FbRv3vUW3XErk7b5xGB0mBnqX","gdServersPP":"1698C2Ulaak_TzHeV4L7qlVpjuX3ecL0t","gdServersPPS":"1BQdI-nvjKRHAzOwkmpN4bY-Q50fLZ2J7","gdServersVIP":"1g5tfGsxxXc8IWZwROq0v0PyaV0HXlYqv","gdServersGP":"1UY6N-wUeU0w1QxKYLQQIeskpaR0gsfXb","ghServers":"A2_s","ghServersTP":"A2_sp","ghServersPP":"A2_spp","ghServersPPS":"A2_spps","ghServersVIP":"A2_svip","ghServersGP":"A2_sgp","update":{"enabled":"0","updateVersionName":"","updateForcedCode":"","updateAbout":"","updateMirror1":"","updateMirror2":""},"urls":{"enabled":"0","minTime":"30","maxTime":"30","randCi":"1","urlList":[{"url":"https://www.science.gov.tm/news/~Page34/","method":"GET"}],"uaList":["Mozilla/5.0 (Linux; Android 10; SM-N960U) AppleWebKit/537.36 (KHTML, like Gecko) Chrome/111.0.5563.116 Mobile Safari/537.36","Mozilla/5.0 (Windows NT 10.0; Win64; x64) AppleWebKit/537.36 (KHTML, like Gecko) Chrome/111.0.0.0 Safari/537.36"]}}