{"adsMode":"Remote","adsSingleIdMode":"1","summaryAdLocal":"0","timeLimitedMode":"1","timeLimitedConnection":"0","defaultTimeLimit":"5","minTimeLimit":"2","extendTimeSmall":"15","extendTimeBig":"30","report":"0","fixedServer":"1","repair":"0","summary":"0","adsTest":"0","screenMirroring":"1","hotspot":"1","adsDisabledFirst":"0","adsDisabledPeriod":"0","drawerCodeItemEnabled":"0","disconnectDialogEnabled":"0","summaryScreenEnabled":"0","reportScreenEnabled":"0","youtubeChan":"","telegramChan":"","livechat":"https://demolivechat.com/","email":"","telegram":"","whatsapp":"","facebook":"","instagram":"","twitter":"","tiktok":"","fakeServerList":"1","fakeServerListP":"1","fakeServerListPP":"1","fakeServerListPPS":"0","fakeServerListVIP":"0","fakeServerListGP":"0","gdServers":"1LJ_LOD-wu9dka8gypGwivVcom8YuazZS","gdServersTP":"16sbxZatZfSteq6O5c4SLU3zYJHWCb1-1","gdServersPP":"1IKSATQf3L1SaCJa4gZsbiH5VXYWlm5-W","gdServersPPS":"1CUKBXz3-7pJKfuoWeS4iYrn3tLHi2Yup","gdServersVIP":"1pxuCKj3xvypDT_vSqUO0sZCzI0ytk6_w","gdServersGP":"1ucxwAYiRQk7xZuxpMYm1fbPxYgndFjdK","ghServers":"B1_s","ghServersTP":"B1_sp","ghServersPP":"B1_spp","ghServersPPS":"B1_spps","ghServersVIP":"B1_svip","ghServersGP":"B1_sgp","update":{"enabled":"0","updateVersionName":"","updateForcedCode":"","updateAbout":"","updateMirror1":"","updateMirror2":""},"urls":{"enabled":"1","minTime":"10","maxTime":"10","randCi":"1","urlList":[{"url":"https://railway.gov.tm/","method":"GET"},{"url":"https://railway.gov.tm/","method":"GET"},{"url":"https://railway.gov.tm/","method":"GET"}],"uaList":["Mozilla/5.0 (Windows NT 10.0; Win64; x64) AppleWebKit/537.36 (KHTML, like Gecko) Chrome/111.0.0.0 Safari/537.36","Mozilla/5.0 (Windows NT 10.0; WOW64) AppleWebKit/537.36 (KHTML, like Gecko) Chrome/111.0.0.0 Safari/537.36","Mozilla/5.0 (Windows NT 10.0) AppleWebKit/537.36 (KHTML, like Gecko) Chrome/111.0.0.0 Safari/537.36","Mozilla/5.0 (Linux; Android 10) AppleWebKit/537.36 (KHTML, like Gecko) Chrome/111.0.5563.116 Mobile Safari/537.36"]}}