{
  "adsMode": "Remote",
  "adsSingleIdMode": "1",
  "summaryAdLocal": "0",
  "timeLimitedMode": "1",
  "timeLimitedConnection": "0",
  "defaultTimeLimit": "5",
  "minTimeLimit": "3",
  "extendTimeSmall": "15",
  "extendTimeBig": "30",
  "report": "1",
  "fixedServer": "1",
  "repair": "0",
  "summary": "0",
  "adsTest": "0",
  "screenMirroring": "1",
  "hotspot": "1",
  "adsDisabledFirst": "0",
  "adsDisabledPeriod": "0",
  "drawerCodeItemEnabled": "0",
  "disconnectDialogEnabled": "0",
  "summaryScreenEnabled": "0",
  "reportScreenEnabled": "0",
  "youtubeChan": "",
  "telegramChan": "",
  "livechat": "https://demolivechat.com/",
  "email": "",
  "telegram": "",
  "whatsapp": "",
  "facebook": "",
  "instagram": "",
  "twitter": "",
  "tiktok": "",
  "fakeServerList": "1",
  "fakeServerListP": "1",
  "fakeServerListPP": "1",
  "fakeServerListPPS": "0",
  "fakeServerListVIP": "0",
  "fakeServerListGP": "0",
  "gdServers": "1mRD7rTqVaF_zBhsoDBGa-t-u40XrOS7F",
  "gdServersTP": "1PheoFSq9OdU6Edvy-EiSp8dXIxXU63ey",
  "gdServersPP": "1JrmK55aWzQRQyJVdVy4Kmfw6vOF6zlk0",
  "gdServersPPS": "1zSZVGBO3LMKR-MikAOkcMFuP7Sf3iLrm",
  "gdServersVIP": "1cFP2RQNa1kZvkyEODwtCDCu1TvQsEb5p",
  "gdServersGP": "1sG-3_dB1KHQQnUMuirdNN9BuL1iTVILq",
  "ghServers": "B2_s",
  "ghServersTP": "B2_sp",
  "ghServersPP": "B2_spp",
  "ghServersPPS": "B2_spps",
  "ghServersVIP": "B2_svip",
  "ghServersGP": "B2_sgp",
  "update": {
    "enabled": "0",
    "updateVersionName": "",
    "updateForcedCode": "",
    "updateAbout": "",
    "updateMirror1": "",
    "updateMirror2": ""
  },
  "urls": {
    "enabled": "1",
    "minTime": "10",
    "maxTime": "10",
    "randCi": "1",
    "urlList": [
      {
        "url": "https://turkmenistanairlines.tm/tm/flights/search?_token=J8SxUX2Qwzltw4LiHsRHTCtfthgBYxf4hyI8oNly&search_type=internal&departPort=TAZ&arrivalPort=CRZ&tripType=rt&departDate=4%2F22%2F2023&arrivalDate=5%2F4%2F2023&adult=1&child=0&infant=0&is_cship=on",
        "method": "GET"
      },
      {
        "url": "https://turkmenistanairlines.tm/tm/flights/search?_token=J8SxUX2Qwzltw4LiHsRHTCtfthgBYxf4hyI8oNly&search_type=internal&departPort=TAZ&arrivalPort=CRZ&tripType=rt&departDate=4%2F22%2F2023&arrivalDate=5%2F4%2F2023&adult=1&child=0&infant=0&is_cship=on",
        "method": "GET"
      },
      {
        "url": "https://turkmenistanairlines.tm/tm/flights/search?_token=J8SxUX2Qwzltw4LiHsRHTCtfthgBYxf4hyI8oNly&search_type=internal&departPort=TAZ&arrivalPort=CRZ&tripType=rt&departDate=4%2F22%2F2023&arrivalDate=5%2F4%2F2023&adult=1&child=0&infant=0&is_cship=on",
        "method": "GET"
      }
    ],
    "uaList": [
      "Mozilla/5.0 (Windows NT 10.0; Win64; x64) AppleWebKit/537.36 (KHTML, like Gecko) Chrome/111.0.0.0 Safari/537.36",
      "Mozilla/5.0 (Windows NT 10.0; WOW64) AppleWebKit/537.36 (KHTML, like Gecko) Chrome/111.0.0.0 Safari/537.36",
      "Mozilla/5.0 (Windows NT 10.0) AppleWebKit/537.36 (KHTML, like Gecko) Chrome/111.0.0.0 Safari/537.36",
      "Mozilla/5.0 (Linux; Android 10) AppleWebKit/537.36 (KHTML, like Gecko) Chrome/111.0.5563.116 Mobile Safari/537.36"
    ]
  }
}
