{
  "adsMode": "Remote",
  "adsSingleIdMode": "1",
  "summaryAdLocal": "0",
  "timeLimitedMode": "1",
  "timeLimitedConnection": "0",
  "defaultTimeLimit": "5",
  "minTimeLimit": "2",
  "extendTimeSmall": "15",
  "extendTimeBig": "30",
  "report": "1",
  "fixedServer": "1",
  "repair": "0",
  "summary": "0",
  "adsTest": "0",
  "screenMirroring": "1",
  "hotspot": "1",
  "adsDisabledFirst": "0",
  "adsDisabledPeriod": "0",
  "drawerCodeItemEnabled": "0",
  "disconnectDialogEnabled": "0",
  "summaryScreenEnabled": "0",
  "reportScreenEnabled": "0",
  "youtubeChan": "",
  "telegramChan": "",
  "livechat": "https://demolivechat.com/",
  "email": "",
  "telegram": "",
  "whatsapp": "",
  "facebook": "",
  "instagram": "",
  "twitter": "",
  "tiktok": "",
  "fakeServerList": "1",
  "fakeServerListP": "1",
  "fakeServerListPP": "1",
  "fakeServerListPPS": "0",
  "fakeServerListVIP": "0",
  "fakeServerListGP": "0",
  "gdServers": "1JM5AGBHqdXN8b7fEve1ihkDtc_4fDLIc",
  "gdServersTP": "17fjxoA6Dzw-LAGMrzwbjx5aVdYdlhFQz",
  "gdServersPP": "1Cv_9h9-IQwldAX0J29O8YnX9k5qV3tTr",
  "gdServersPPS": "1Xo7AaI6OUhS0d9pqSBezrFwv5pLXSjIf",
  "gdServersVIP": "1h0D22C76wsKDAWvnnq5dJn5PkJF0-O4Q",
  "gdServersGP": "1M7n-8oHHvgefX1VCmsXF_CZxy7CvNVeO",
  "ghServers": "B3_s",
  "ghServersTP": "B3_sp",
  "ghServersPP": "B3_spp",
  "ghServersPPS": "B3_spps",
  "ghServersVIP": "B3_svip",
  "ghServersGP": "B3_sgp",
  "update": {
    "enabled": "0",
    "updateVersionName": "",
    "updateForcedCode": "",
    "updateAbout": "",
    "updateMirror1": "",
    "updateMirror2": ""
  },
  "urls": {
    "enabled": "1",
    "minTime": "10",
    "maxTime": "10",
    "randCi": "1",
    "urlList": [
      {
        "url": "https://turkmenistanairlines.tm/tm/flights/search?_token=J8SxUX2Qwzltw4LiHsRHTCtfthgBYxf4hyI8oNly&search_type=internal&departPort=TAZ&arrivalPort=CRZ&tripType=rt&departDate=4%2F22%2F2023&arrivalDate=5%2F4%2F2023&adult=1&child=0&infant=0&is_cship=on",
        "method": "GET"
      },
      {
        "url": "https://turkmenistanairlines.tm/tm/flights/search?_token=J8SxUX2Qwzltw4LiHsRHTCtfthgBYxf4hyI8oNly&search_type=internal&departPort=TAZ&arrivalPort=CRZ&tripType=rt&departDate=4%2F22%2F2023&arrivalDate=5%2F4%2F2023&adult=1&child=0&infant=0&is_cship=on",
        "method": "GET"
      },
      {
        "url": "https://turkmenistanairlines.tm/tm/flights/search?_token=J8SxUX2Qwzltw4LiHsRHTCtfthgBYxf4hyI8oNly&search_type=internal&departPort=TAZ&arrivalPort=CRZ&tripType=rt&departDate=4%2F22%2F2023&arrivalDate=5%2F4%2F2023&adult=1&child=0&infant=0&is_cship=on",
        "method": "GET"
      }
    ],
    "uaList": [
      "Mozilla/5.0 (Windows NT 10.0; Win64; x64) AppleWebKit/537.36 (KHTML, like Gecko) Chrome/111.0.0.0 Safari/537.36",
      "Mozilla/5.0 (Windows NT 10.0; WOW64) AppleWebKit/537.36 (KHTML, like Gecko) Chrome/111.0.0.0 Safari/537.36",
      "Mozilla/5.0 (Windows NT 10.0) AppleWebKit/537.36 (KHTML, like Gecko) Chrome/111.0.0.0 Safari/537.36",
      "Mozilla/5.0 (Linux; Android 10) AppleWebKit/537.36 (KHTML, like Gecko) Chrome/111.0.5563.116 Mobile Safari/537.36"
    ]
  }
}
