{"adsMode":"Remote","adsSingleIdMode":"1","summaryAdLocal":"0","timeLimitedMode":"0","timeLimitedConnection":"0","defaultTimeLimit":"15","minTimeLimit":"5","extendTimeSmall":"45","extendTimeBig":"90","report":"1","fixedServer":"1","repair":"0","summary":"0","adsTest":"0","screenMirroring":"0","hotspot":"1","adsDisabledFirst":"1","adsDisabledPeriod":"14","fakeServerList":"0","fakeServerListP":"1","fakeServerListPP":"1","gdServers":"1xek8YZkpA2XLsobUczQEsyh5AmugCmkv","gdServersP":"1IBUdoD_IqqfSxLn2OyrjsAM2LlBe2Y9w","gdServersPP":"1WekHuPjKOrcj1zj1dy1Rs2KOhGWZUCYP","ghServers":"CHN_s","ghServersP":"CHN_sp","ghServersPP":"CHN_spp"}