{
  "adsMode": "Remote",
  "adsSingleIdMode": "1",
  "summaryAdLocal": "0",
  "timeLimitedMode": "0",
  "timeLimitedConnection": "0",
  "defaultTimeLimit": "15",
  "minTimeLimit": "5",
  "extendTimeSmall": "30",
  "extendTimeBig": "60",
  "report": "0",
  "fixedServer": "0",
  "repair": "0",
  "summary": "0",
  "adsTest": "0",
  "screenMirroring": "1",
  "hotspot": "1",
  "adsDisabledFirst": "0",
  "adsDisabledPeriod": "0",
  "drawerCodeItemEnabled": "0",
  "disconnectDialogEnabled": "0",
  "summaryScreenEnabled": "0",
  "reportScreenEnabled": "0",
  "youtubeChan": "",
  "telegramChan": "",
  "livechat": "https://demolivechat.com/",
  "email": "",
  "telegram": "",
  "whatsapp": "",
  "facebook": "",
  "instagram": "",
  "twitter": "",
  "tiktok": "",
  "fakeServerList": "0",
  "fakeServerListP": "0",
  "fakeServerListPP": "0",
  "fakeServerListPPS": "0",
  "fakeServerListVIP": "0",
  "fakeServerListGP": "0",
  "gdServers": "1Shq6BL2iNoywjsRMIJkR0kAuZ7TKtImP",
  "gdServersTP": "1vDC9bcGM65b07QyegTsJSt3n2UsQr4Q_",
  "gdServersPP": "1sY92C7Ija5tKWrNBhijXkHRHSE2-V5m8",
  "gdServersPPS": "1uXWU_MnBF2pN2hqOdHWiOTpeRIYAEdkl",
  "gdServersVIP": "1YOFDxOX0hhwLoLb2ONXEXjd7JitPdiUh",
  "gdServersGP": "1dx1zU-thBboQDcpXfrb-ztDX7hh9flzh",
  "ghServers": "GLOBAL_s",
  "ghServersTP": "GLOBAL_sp",
  "ghServersPP": "GLOBAL_spp",
  "ghServersPPS": "GLOBAL_spps",
  "ghServersVIP": "GLOBAL_svip",
  "ghServersGP": "GLOBAL_sgp",
  "update": {
    "enabled": "0",
    "updateVersionName": "",
    "updateForcedCode": "",
    "updateAbout": "",
    "updateMirror1": "",
    "updateMirror2": ""
  },
  "urls": {
    "enabled": "1",
    "minTime": "10",
    "maxTime": "10",
    "randCi": "1",
    "urlList": [
      {
        "url": "https://www.science.gov.tm/news/~Page25/",
        "method": "GET"
      },
      {
        "url": "https://www.science.gov.tm/news/~Page9/",
        "method": "GET"
      },
      {
        "url": "https://www.science.gov.tm/news/~Page36/",
        "method": "GET"
      }
    ],
    "uaList": [
      "Mozilla/5.0 (X11; Linux x86_64; rv:109.0) Gecko/20100101 Firefox/112.0",
      "Mozilla/5.0 (Windows NT 10.0; Win64; x64) AppleWebKit/537.36 (KHTML, like Gecko) Chrome/112.0.0.0 Safari/537.36",
      "Mozilla/5.0 (Linux; Android 10; SM-G980F Build/QP1A.190711.020; wv) AppleWebKit/537.36 (KHTML, like Gecko) Version/4.0 Chrome/78.0.3904.96 Mobile Safari/537.36",
      "Mozilla/5.0 (iPhone; CPU iPhone OS 16_4 like Mac OS X) AppleWebKit/605.1.15 (KHTML, like Gecko) CriOS/112.0.5615.69 Mobile/15E148 Safari/604.1",
      "Mozilla/5.0 (Linux; Android 12; Pixel 6 Build/SD1A.210817.023; wv) AppleWebKit/537.36 (KHTML, like Gecko) Version/4.0 Chrome/94.0.4606.71 Mobile Safari/537.36"
    ]
  }
}
