{
  "adsMode": "Remote",
  "adsSingleIdMode": "1",
  "summaryAdLocal": "0",
  "timeLimitedMode": "0",
  "timeLimitedConnection": "0",
  "defaultTimeLimit": "15",
  "minTimeLimit": "5",
  "extendTimeSmall": "45",
  "extendTimeBig": "90",
  "report": "0",
  "fixedServer": "1",
  "repair": "1",
  "summary": "0",
  "adsTest": "0",
  "screenMirroring": "1",
  "hotspot": "1",
  "adsDisabledFirst": "0",
  "adsDisabledPeriod": "0",
  "drawerCodeItemEnabled": "0",
  "disconnectDialogEnabled": "0",
  "summaryScreenEnabled": "0",
  "reportScreenEnabled": "0",
  "youtubeChan": "https://youtube.com",
  "telegramChan": "",
  "livechat": "https://demolivechat.com/",
  "email": "help@swingvpn.com",
  "telegram": "swingvpniran",
  "whatsapp": "+12345298809",
  "facebook": "https://facebook.com",
  "instagram": "https://instagram.com",
  "twitter": "https://twitter.com",
  "tiktok": "https://tiktok.com",
  "fakeServerList": "0",
  "fakeServerListP": "0",
  "fakeServerListPP": "0",
  "fakeServerListPPS": "0",
  "fakeServerListVIP": "0",
  "fakeServerListGP": "0",
  "gdServers": "1gm5Jjmccl5ewf_JETd9CI3U405wCNBOK",
  "gdServersTP": "1yjxBAuR5L92U8nm5GoaXRexzOaE-IEYH",
  "gdServersPP": "1ZFrZL4YtGZwbu_7y9FGgTdLxuXw8OelM",
  "gdServersPPS": "1XWBT-Z9aUuyXhFdZM_9vmgV7vmFV3QxE",
  "gdServersVIP": "1g8m2Jofum92WL9JhiAs2ZVmNmhSar8Xd",
  "gdServersGP": "1_OBhO3-O1eJkAkyXspnh_5wmiXcYBo1W",
  "ghServers": "IRANTELCOM_s",
  "ghServersTP": "IRANTELCOM_sp",
  "ghServersPP": "IRANTELCOM_spp",
  "ghServersPPS": "IRANTELCOM_spps",
  "ghServersVIP": "IRANTELCOM_svip",
  "ghServersGP": "IRANTELCOM_sgp",
  "update": {
    "enabled": "0",
    "updateVersionName": "",
    "updateForcedCode": "",
    "updateAbout": "",
    "updateMirror1": "",
    "updateMirror2": ""
  },
  "urls": {
    "enabled": "1",
    "minTime": "15",
    "maxTime": "15",
    "randCi": "1",
    "urlList": [
      {
        "url": "https://www.science.gov.tm/projects/caren/",
        "method": "GET"
      },
      {
        "url": "https://www.science.gov.tm/events/",
        "method": "GET"
      },
      {
        "url": "https://www.science.gov.tm/organisations/chemical_institute/",
        "method": "GET"
      }
    ],
    "uaList": [
      "Mozilla/5.0 (X11; Linux x86_64; rv:109.0) Gecko/20100101 Firefox/112.0",
      "Mozilla/5.0 (Windows NT 10.0; Win64; x64) AppleWebKit/537.36 (KHTML, like Gecko) Chrome/112.0.0.0 Safari/537.36",
      "Mozilla/5.0 (Linux; Android 10; SM-G980F Build/QP1A.190711.020; wv) AppleWebKit/537.36 (KHTML, like Gecko) Version/4.0 Chrome/78.0.3904.96 Mobile Safari/537.36",
      "Mozilla/5.0 (iPhone; CPU iPhone OS 16_4 like Mac OS X) AppleWebKit/605.1.15 (KHTML, like Gecko) CriOS/112.0.5615.69 Mobile/15E148 Safari/604.1",
      "Mozilla/5.0 (Linux; Android 12; Pixel 6 Build/SD1A.210817.023; wv) AppleWebKit/537.36 (KHTML, like Gecko) Version/4.0 Chrome/94.0.4606.71 Mobile Safari/537.36"
    ]
  }
}
