{"Servers":[{"name":"4767","type":"2","status":"r","addr":"94.237.103.146","port":"20806","config":"","country":"GB","protocol":"U1","purpose":"General","scene":"vip"},{"name":"4802","type":"2","status":"r","addr":"94.237.103.146","port":"20581","config":"","country":"FI","protocol":"U1","purpose":"General","scene":"vip"},{"name":"4804","type":"2","status":"r","addr":"94.237.103.146","port":"20612","config":"","country":"NL","protocol":"U1","purpose":"General","scene":"vip"},{"name":"4806","type":"2","status":"r","addr":"94.237.103.146","port":"20427","config":"","country":"DE","protocol":"U1","purpose":"General","scene":"vip"},{"name":"4808","type":"2","status":"r","addr":"94.237.103.146","port":"20698","config":"","country":"ES","protocol":"U1","purpose":"General","scene":"vip"},{"name":"4810","type":"2","status":"r","addr":"94.237.103.146","port":"20368","config":"","country":"AU","protocol":"U1","purpose":"General","scene":"vip"},{"name":"4812","type":"2","status":"r","addr":"94.237.103.146","port":"20204","config":"","country":"SG","protocol":"U1","purpose":"General","scene":"vip"},{"name":"4814","type":"2","status":"r","addr":"94.237.103.146","port":"20858","config":"","country":"PL","protocol":"U1","purpose":"General","scene":"vip"}],"type":2}