{"Servers":[{"name":"150241","type":"2","status":"r","addr":"coast.wentcenteo.asia","port":"20123","config":"","country":"US","protocol":"S1","purpose":"General","scene":"free"},{"name":"138421","type":"2","status":"r","addr":"coast.wentcenteo.asia","port":"20867","config":"","country":"NL","protocol":"S1","purpose":"General","scene":"vip"},{"name":"189503","type":"2","status":"r","addr":"coast.wentcenteo.asia","port":"20628","config":"","country":"PL","protocol":"S1","purpose":"General","scene":"vip"},{"name":"41617","type":"2","status":"r","addr":"coast.wentcenteo.asia","port":"20899","config":"","country":"GB","protocol":"S1","purpose":"General","scene":"vip"},{"name":"27751","type":"2","status":"r","addr":"coast.wentcenteo.asia","port":"20562","config":"","country":"FI","protocol":"S1","purpose":"General","scene":"vip"},{"name":"231401","type":"2","status":"r","addr":"coast.wentcenteo.asia","port":"20725","config":"","country":"ES","protocol":"S1","purpose":"General","scene":"vip"},{"name":"199263","type":"2","status":"r","addr":"coast.wentcenteo.asia","port":"20195","config":"","country":"DE","protocol":"S1","purpose":"General","scene":"vip"},{"name":"74209","type":"2","status":"r","addr":"coast.wentcenteo.asia","port":"20406","config":"","country":"AU","protocol":"S1","purpose":"General","scene":"vip"},{"name":"9283","type":"2","status":"r","addr":"coast.wentcenteo.asia","port":"20250","config":"","country":"SG","protocol":"S1","purpose":"General","scene":"vip"}],"type":2}