{"Servers":[{"name":"55778","type":"2","status":"r","addr":"tin.calcine.one","port":"20508","config":"","country":"US","protocol":"S1","purpose":"General","scene":"free"},{"name":"4816","type":"2","status":"r","addr":"tin.calcine.one","port":"20867","config":"","country":"NL","protocol":"S1","purpose":"General","scene":"vip"},{"name":"4818","type":"2","status":"r","addr":"tin.calcine.one","port":"20628","config":"","country":"PL","protocol":"S1","purpose":"General","scene":"vip"},{"name":"4820","type":"2","status":"r","addr":"tin.calcine.one","port":"20899","config":"","country":"GB","protocol":"S1","purpose":"General","scene":"vip"},{"name":"4822","type":"2","status":"r","addr":"tin.calcine.one","port":"20562","config":"","country":"FI","protocol":"S1","purpose":"General","scene":"vip"},{"name":"4824","type":"2","status":"r","addr":"tin.calcine.one","port":"20725","config":"","country":"ES","protocol":"S1","purpose":"General","scene":"vip"},{"name":"4825","type":"2","status":"r","addr":"tin.calcine.one","port":"20195","config":"","country":"DE","protocol":"S1","purpose":"General","scene":"vip"},{"name":"4826","type":"2","status":"r","addr":"tin.calcine.one","port":"20406","config":"","country":"AU","protocol":"S1","purpose":"General","scene":"vip"},{"name":"4828","type":"2","status":"r","addr":"tin.calcine.one","port":"20250","config":"","country":"SG","protocol":"S1","purpose":"General","scene":"vip"}],"type":2}