{
  "Servers": [
    {
      "name": "32644",
      "type": "2",
      "status": "r",
      "addr": "66.225.236.57",
      "port": "21000",
      "config": "",
      "country": "DE",
      "protocol": "U3",
      "purpose": "General",
      "scene": "free"
    },
    {
      "name": "20179",
      "type": "2",
      "status": "r",
      "addr": "66.225.236.59",
      "port": "21325",
      "config": "",
      "country": "DE",
      "protocol": "U3",
      "purpose": "General",
      "scene": "free"
    },
    {
      "name": "6817",
      "type": "2",
      "status": "r",
      "addr": "66.225.236.229",
      "port": "21541",
      "config": "",
      "country": "DE",
      "protocol": "U3",
      "purpose": "General",
      "scene": "free"
    },
    {
      "name": "47839",
      "type": "2",
      "status": "r",
      "addr": "66.225.236.6",
      "port": "20485",
      "config": "",
      "country": "DE",
      "protocol": "U1",
      "purpose": "General",
      "scene": "free"
    },
    {
      "name": "2351",
      "type": "2",
      "status": "r",
      "addr": "66.225.236.216",
      "port": "21973",
      "config": "",
      "country": "DE",
      "protocol": "U3",
      "purpose": "General",
      "scene": "free"
    },
    {
      "name": "35821",
      "type": "2",
      "status": "r",
      "addr": "66.225.236.176",
      "port": "21383",
      "config": "",
      "country": "US",
      "protocol": "U3",
      "purpose": "General",
      "scene": "free"
    },
    {
      "name": "17343",
      "type": "2",
      "status": "r",
      "addr": "66.225.236.120",
      "port": "21808",
      "config": "",
      "country": "DE",
      "protocol": "U3",
      "purpose": "General",
      "scene": "free"
    },
    {
      "name": "1340",
      "type": "2",
      "status": "r",
      "addr": "66.225.236.242",
      "port": "21244",
      "config": "",
      "country": "US",
      "protocol": "U3",
      "purpose": "General",
      "scene": "free"
    },
    {
      "name": "90049",
      "type": "2",
      "status": "r",
      "addr": "45.151.97.78",
      "port": "21443",
      "config": "",
      "country": "US",
      "protocol": "U3",
      "purpose": "General",
      "scene": "free"
    },
    {
      "name": "59116",
      "type": "2",
      "status": "r",
      "addr": "45.151.97.247",
      "port": "21952",
      "config": "",
      "country": "US",
      "protocol": "U3",
      "purpose": "General",
      "scene": "free"
    },
    {
      "name": "36674",
      "type": "2",
      "status": "r",
      "addr": "45.151.97.122",
      "port": "21725",
      "config": "",
      "country": "US",
      "protocol": "U3",
      "purpose": "General",
      "scene": "free"
    },
    {
      "name": "16939",
      "type": "2",
      "status": "r",
      "addr": "45.151.97.222",
      "port": "21486",
      "config": "",
      "country": "US",
      "protocol": "U3",
      "purpose": "General",
      "scene": "free"
    },
    {
      "name": "141301",
      "type": "2",
      "status": "r",
      "addr": "45.151.97.126",
      "port": "21087",
      "config": "",
      "country": "US",
      "protocol": "U3",
      "purpose": "General",
      "scene": "free"
    },
    {
      "name": "115908",
      "type": "2",
      "status": "r",
      "addr": "45.151.97.112",
      "port": "21390",
      "config": "",
      "country": "US",
      "protocol": "U3",
      "purpose": "General",
      "scene": "free"
    },
    {
      "name": "118861",
      "type": "2",
      "status": "r",
      "addr": "45.151.97.59",
      "port": "21994",
      "config": "",
      "country": "US",
      "protocol": "U3",
      "purpose": "General",
      "scene": "free"
    },
    {
      "name": "59473",
      "type": "2",
      "status": "r",
      "addr": "45.151.97.98",
      "port": "21745",
      "config": "",
      "country": "US",
      "protocol": "U3",
      "purpose": "General",
      "scene": "free"
    },
    {
      "name": "90913",
      "type": "2",
      "status": "r",
      "addr": "45.151.97.76",
      "port": "21656",
      "config": "",
      "country": "US",
      "protocol": "U3",
      "purpose": "General",
      "scene": "free"
    },
    {
      "name": "8533",
      "type": "2",
      "status": "r",
      "addr": "45.151.97.197",
      "port": "21483",
      "config": "",
      "country": "US",
      "protocol": "U3",
      "purpose": "General",
      "scene": "free"
    },
    {
      "name": "116646",
      "type": "2",
      "status": "r",
      "addr": "45.151.97.13",
      "port": "21032",
      "config": "",
      "country": "US",
      "protocol": "U3",
      "purpose": "General",
      "scene": "free"
    },
    {
      "name": "56981",
      "type": "2",
      "status": "r",
      "addr": "45.151.97.49",
      "port": "21870",
      "config": "",
      "country": "US",
      "protocol": "U3",
      "purpose": "General",
      "scene": "free"
    },
    {
      "name": "5703",
      "type": "2",
      "status": "r",
      "addr": "45.151.97.86",
      "port": "21468",
      "config": "",
      "country": "US",
      "protocol": "U3",
      "purpose": "General",
      "scene": "free"
    },
    {
      "name": "108453",
      "type": "2",
      "status": "r",
      "addr": "45.151.97.175",
      "port": "21584",
      "config": "",
      "country": "US",
      "protocol": "U3",
      "purpose": "General",
      "scene": "free"
    },
    {
      "name": "74361",
      "type": "2",
      "status": "r",
      "addr": "45.151.97.161",
      "port": "21021",
      "config": "",
      "country": "US",
      "protocol": "U3",
      "purpose": "General",
      "scene": "free"
    },
    {
      "name": "31494",
      "type": "2",
      "status": "r",
      "addr": "45.151.97.103",
      "port": "21525",
      "config": "",
      "country": "US",
      "protocol": "U3",
      "purpose": "General",
      "scene": "free"
    },
    {
      "name": "115001",
      "type": "2",
      "status": "r",
      "addr": "45.151.97.221",
      "port": "21691",
      "config": "",
      "country": "US",
      "protocol": "U3",
      "purpose": "General",
      "scene": "free"
    },
    {
      "name": "60544",
      "type": "2",
      "status": "r",
      "addr": "45.151.97.163",
      "port": "21784",
      "config": "",
      "country": "US",
      "protocol": "U3",
      "purpose": "General",
      "scene": "free"
    },
    {
      "name": "52147",
      "type": "2",
      "status": "r",
      "addr": "45.151.97.20",
      "port": "21365",
      "config": "",
      "country": "US",
      "protocol": "U3",
      "purpose": "General",
      "scene": "free"
    },
    {
      "name": "35233",
      "type": "2",
      "status": "r",
      "addr": "66.225.236.206",
      "port": "21175",
      "config": "",
      "country": "DE",
      "protocol": "U3",
      "purpose": "General",
      "scene": "free"
    },
    {
      "name": "64747",
      "type": "2",
      "status": "r",
      "addr": "66.225.236.93",
      "port": "21088",
      "config": "",
      "country": "DE",
      "protocol": "U3",
      "purpose": "General",
      "scene": "free"
    },
    {
      "name": "11793",
      "type": "2",
      "status": "r",
      "addr": "66.225.236.135",
      "port": "21769",
      "config": "",
      "country": "DE",
      "protocol": "U3",
      "purpose": "General",
      "scene": "free"
    },
    {
      "name": "112291",
      "type": "2",
      "status": "r",
      "addr": "66.225.236.101",
      "port": "21805",
      "config": "",
      "country": "DE",
      "protocol": "U3",
      "purpose": "General",
      "scene": "free"
    },
    {
      "name": "77065",
      "type": "2",
      "status": "r",
      "addr": "66.225.236.4",
      "port": "21682",
      "config": "",
      "country": "DE",
      "protocol": "U3",
      "purpose": "General",
      "scene": "free"
    },
    {
      "name": "130505",
      "type": "2",
      "status": "r",
      "addr": "66.225.236.144",
      "port": "21915",
      "config": "",
      "country": "DE",
      "protocol": "U3",
      "purpose": "General",
      "scene": "free"
    },
    {
      "name": "74251",
      "type": "2",
      "status": "r",
      "addr": "66.225.236.9",
      "port": "21696",
      "config": "",
      "country": "DE",
      "protocol": "U3",
      "purpose": "General",
      "scene": "free"
    },
    {
      "name": "92164",
      "type": "2",
      "status": "r",
      "addr": "66.225.236.53",
      "port": "21881",
      "config": "",
      "country": "DE",
      "protocol": "U3",
      "purpose": "General",
      "scene": "free"
    },
    {
      "name": "71401",
      "type": "2",
      "status": "r",
      "addr": "66.225.236.248",
      "port": "21879",
      "config": "",
      "country": "DE",
      "protocol": "U3",
      "purpose": "General",
      "scene": "free"
    },
    {
      "name": "20854",
      "type": "2",
      "status": "r",
      "addr": "66.225.236.234",
      "port": "21798",
      "config": "",
      "country": "DE",
      "protocol": "U3",
      "purpose": "General",
      "scene": "free"
    },
    {
      "name": "53821",
      "type": "2",
      "status": "r",
      "addr": "66.225.236.27",
      "port": "21236",
      "config": "",
      "country": "DE",
      "protocol": "U3",
      "purpose": "General",
      "scene": "free"
    },
    {
      "name": "122714",
      "type": "2",
      "status": "r",
      "addr": "66.225.236.88",
      "port": "21548",
      "config": "",
      "country": "DE",
      "protocol": "U3",
      "purpose": "General",
      "scene": "free"
    },
    {
      "name": "149801",
      "type": "2",
      "status": "r",
      "addr": "66.225.236.230",
      "port": "21263",
      "config": "",
      "country": "DE",
      "protocol": "U3",
      "purpose": "General",
      "scene": "free"
    },
    {
      "name": "38962",
      "type": "2",
      "status": "r",
      "addr": "66.225.236.138",
      "port": "21939",
      "config": "",
      "country": "DE",
      "protocol": "U3",
      "purpose": "General",
      "scene": "free"
    },
    {
      "name": "69001",
      "type": "2",
      "status": "r",
      "addr": "66.225.236.102",
      "port": "21582",
      "config": "",
      "country": "DE",
      "protocol": "U3",
      "purpose": "General",
      "scene": "free"
    },
    {
      "name": "93094",
      "type": "2",
      "status": "r",
      "addr": "66.225.236.159",
      "port": "21823",
      "config": "",
      "country": "DE",
      "protocol": "U3",
      "purpose": "General",
      "scene": "free"
    },
    {
      "name": "60101",
      "type": "2",
      "status": "r",
      "addr": "66.225.236.191",
      "port": "21640",
      "config": "",
      "country": "DE",
      "protocol": "U3",
      "purpose": "General",
      "scene": "free"
    },
    {
      "name": "126253",
      "type": "2",
      "status": "r",
      "addr": "66.225.236.184",
      "port": "21690",
      "config": "",
      "country": "DE",
      "protocol": "U3",
      "purpose": "General",
      "scene": "free"
    },
    {
      "name": "3009",
      "type": "2",
      "status": "r",
      "addr": "66.225.236.154",
      "port": "21152",
      "config": "",
      "country": "DE",
      "protocol": "U3",
      "purpose": "General",
      "scene": "free"
    },
    {
      "name": "21064",
      "type": "2",
      "status": "r",
      "addr": "66.225.236.165",
      "port": "21182",
      "config": "",
      "country": "DE",
      "protocol": "U3",
      "purpose": "General",
      "scene": "free"
    },
    {
      "name": "90361",
      "type": "2",
      "status": "r",
      "addr": "66.225.236.155",
      "port": "21705",
      "config": "",
      "country": "DE",
      "protocol": "U3",
      "purpose": "General",
      "scene": "free"
    },
    {
      "name": "33166",
      "type": "2",
      "status": "r",
      "addr": "66.225.236.140",
      "port": "21049",
      "config": "",
      "country": "DE",
      "protocol": "U3",
      "purpose": "General",
      "scene": "free"
    },
    {
      "name": "12069",
      "type": "2",
      "status": "r",
      "addr": "66.225.236.204",
      "port": "21396",
      "config": "",
      "country": "DE",
      "protocol": "U3",
      "purpose": "General",
      "scene": "free"
    },
    {
      "name": "63421",
      "type": "2",
      "status": "r",
      "addr": "66.225.236.34",
      "port": "21556",
      "config": "",
      "country": "DE",
      "protocol": "U3",
      "purpose": "General",
      "scene": "free"
    },
    {
      "name": "136036",
      "type": "2",
      "status": "r",
      "addr": "66.225.236.142",
      "port": "21726",
      "config": "",
      "country": "DE",
      "protocol": "U3",
      "purpose": "General",
      "scene": "free"
    },
    {
      "name": "51409",
      "type": "2",
      "status": "r",
      "addr": "66.225.236.190",
      "port": "21999",
      "config": "",
      "country": "DE",
      "protocol": "U3",
      "purpose": "General",
      "scene": "free"
    },
    {
      "name": "108937",
      "type": "2",
      "status": "r",
      "addr": "66.225.236.37",
      "port": "21964",
      "config": "",
      "country": "DE",
      "protocol": "U3",
      "purpose": "General",
      "scene": "free"
    },
    {
      "name": "36349",
      "type": "2",
      "status": "r",
      "addr": "66.225.236.103",
      "port": "21301",
      "config": "",
      "country": "DE",
      "protocol": "U3",
      "purpose": "General",
      "scene": "free"
    },
    {
      "name": "78833",
      "type": "2",
      "status": "r",
      "addr": "66.225.236.126",
      "port": "21406",
      "config": "",
      "country": "DE",
      "protocol": "U3",
      "purpose": "General",
      "scene": "free"
    },
    {
      "name": "106226",
      "type": "2",
      "status": "r",
      "addr": "66.225.236.253",
      "port": "21771",
      "config": "",
      "country": "DE",
      "protocol": "U3",
      "purpose": "General",
      "scene": "free"
    },
    {
      "name": "152601",
      "type": "2",
      "status": "r",
      "addr": "45.151.97.113",
      "port": "21790",
      "config": "",
      "country": "US",
      "protocol": "U3",
      "purpose": "General",
      "scene": "free"
    },
    {
      "name": "61101",
      "type": "2",
      "status": "r",
      "addr": "45.151.97.244",
      "port": "21042",
      "config": "",
      "country": "US",
      "protocol": "U3",
      "purpose": "General",
      "scene": "free"
    },
    {
      "name": "94799",
      "type": "2",
      "status": "r",
      "addr": "45.151.97.237",
      "port": "21420",
      "config": "",
      "country": "US",
      "protocol": "U3",
      "purpose": "General",
      "scene": "free"
    },
    {
      "name": "119497",
      "type": "2",
      "status": "r",
      "addr": "45.151.97.96",
      "port": "21351",
      "config": "",
      "country": "US",
      "protocol": "U3",
      "purpose": "General",
      "scene": "free"
    },
    {
      "name": "104687",
      "type": "2",
      "status": "r",
      "addr": "45.151.97.173",
      "port": "21455",
      "config": "",
      "country": "US",
      "protocol": "U3",
      "purpose": "General",
      "scene": "free"
    },
    {
      "name": "49313",
      "type": "2",
      "status": "r",
      "addr": "45.151.97.159",
      "port": "21342",
      "config": "",
      "country": "US",
      "protocol": "U3",
      "purpose": "General",
      "scene": "free"
    },
    {
      "name": "21596",
      "type": "2",
      "status": "r",
      "addr": "45.151.97.229",
      "port": "21703",
      "config": "",
      "country": "US",
      "protocol": "U3",
      "purpose": "General",
      "scene": "free"
    },
    {
      "name": "74113",
      "type": "2",
      "status": "r",
      "addr": "45.151.97.56",
      "port": "21036",
      "config": "",
      "country": "US",
      "protocol": "U3",
      "purpose": "General",
      "scene": "free"
    },
    {
      "name": "102004",
      "type": "2",
      "status": "r",
      "addr": "45.151.97.9",
      "port": "21139",
      "config": "",
      "country": "US",
      "protocol": "U3",
      "purpose": "General",
      "scene": "free"
    },
    {
      "name": "126855",
      "type": "2",
      "status": "r",
      "addr": "45.151.97.162",
      "port": "21989",
      "config": "",
      "country": "US",
      "protocol": "U3",
      "purpose": "General",
      "scene": "free"
    },
    {
      "name": "130075",
      "type": "2",
      "status": "r",
      "addr": "45.151.97.110",
      "port": "21005",
      "config": "",
      "country": "US",
      "protocol": "U3",
      "purpose": "General",
      "scene": "free"
    },
    {
      "name": "3101",
      "type": "2",
      "status": "r",
      "addr": "45.151.97.80",
      "port": "21074",
      "config": "",
      "country": "US",
      "protocol": "U3",
      "purpose": "General",
      "scene": "free"
    },
    {
      "name": "77576",
      "type": "2",
      "status": "r",
      "addr": "45.151.97.40",
      "port": "21696",
      "config": "",
      "country": "US",
      "protocol": "U3",
      "purpose": "General",
      "scene": "free"
    },
    {
      "name": "83863",
      "type": "2",
      "status": "r",
      "addr": "45.151.97.30",
      "port": "21406",
      "config": "",
      "country": "US",
      "protocol": "U3",
      "purpose": "General",
      "scene": "free"
    },
    {
      "name": "34233",
      "type": "2",
      "status": "r",
      "addr": "45.151.97.154",
      "port": "21009",
      "config": "",
      "country": "US",
      "protocol": "U3",
      "purpose": "General",
      "scene": "free"
    },
    {
      "name": "90336",
      "type": "2",
      "status": "r",
      "addr": "45.151.97.57",
      "port": "21512",
      "config": "",
      "country": "US",
      "protocol": "U3",
      "purpose": "General",
      "scene": "free"
    },
    {
      "name": "87305",
      "type": "2",
      "status": "r",
      "addr": "45.151.97.91",
      "port": "21851",
      "config": "",
      "country": "US",
      "protocol": "U3",
      "purpose": "General",
      "scene": "free"
    },
    {
      "name": "118599",
      "type": "2",
      "status": "r",
      "addr": "45.151.97.198",
      "port": "21396",
      "config": "",
      "country": "US",
      "protocol": "U3",
      "purpose": "General",
      "scene": "free"
    },
    {
      "name": "71853",
      "type": "2",
      "status": "r",
      "addr": "45.151.97.139",
      "port": "21337",
      "config": "",
      "country": "US",
      "protocol": "U3",
      "purpose": "General",
      "scene": "free"
    },
    {
      "name": "15891",
      "type": "2",
      "status": "r",
      "addr": "45.151.97.72",
      "port": "21936",
      "config": "",
      "country": "US",
      "protocol": "U3",
      "purpose": "General",
      "scene": "free"
    },
    {
      "name": "3223",
      "type": "2",
      "status": "r",
      "addr": "66.225.236.254",
      "port": "21865",
      "config": "",
      "country": "DE",
      "protocol": "U3",
      "purpose": "General",
      "scene": "free"
    },
    {
      "name": "61276",
      "type": "2",
      "status": "r",
      "addr": "66.225.236.151",
      "port": "21050",
      "config": "",
      "country": "DE",
      "protocol": "U3",
      "purpose": "General",
      "scene": "free"
    },
    {
      "name": "109753",
      "type": "2",
      "status": "r",
      "addr": "66.225.236.212",
      "port": "21497",
      "config": "",
      "country": "DE",
      "protocol": "U3",
      "purpose": "General",
      "scene": "free"
    },
    {
      "name": "38761",
      "type": "2",
      "status": "r",
      "addr": "66.225.236.183",
      "port": "21420",
      "config": "",
      "country": "DE",
      "protocol": "U3",
      "purpose": "General",
      "scene": "free"
    },
    {
      "name": "126010",
      "type": "2",
      "status": "r",
      "addr": "66.225.236.196",
      "port": "21839",
      "config": "",
      "country": "DE",
      "protocol": "U3",
      "purpose": "General",
      "scene": "free"
    },
    {
      "name": "9703",
      "type": "2",
      "status": "r",
      "addr": "66.225.236.84",
      "port": "21704",
      "config": "",
      "country": "DE",
      "protocol": "U3",
      "purpose": "General",
      "scene": "free"
    },
    {
      "name": "35608",
      "type": "2",
      "status": "r",
      "addr": "66.225.236.134",
      "port": "21324",
      "config": "",
      "country": "DE",
      "protocol": "U3",
      "purpose": "General",
      "scene": "free"
    },
    {
      "name": "132800",
      "type": "2",
      "status": "r",
      "addr": "66.225.236.119",
      "port": "21002",
      "config": "",
      "country": "DE",
      "protocol": "U3",
      "purpose": "General",
      "scene": "free"
    },
    {
      "name": "22681",
      "type": "2",
      "status": "r",
      "addr": "66.225.236.132",
      "port": "21280",
      "config": "",
      "country": "DE",
      "protocol": "U3",
      "purpose": "General",
      "scene": "free"
    },
    {
      "name": "97261",
      "type": "2",
      "status": "r",
      "addr": "66.225.236.239",
      "port": "21627",
      "config": "",
      "country": "DE",
      "protocol": "U3",
      "purpose": "General",
      "scene": "free"
    },
    {
      "name": "149179",
      "type": "2",
      "status": "r",
      "addr": "66.225.236.137",
      "port": "21934",
      "config": "",
      "country": "DE",
      "protocol": "U3",
      "purpose": "General",
      "scene": "free"
    },
    {
      "name": "48676",
      "type": "2",
      "status": "r",
      "addr": "66.225.236.125",
      "port": "21914",
      "config": "",
      "country": "DE",
      "protocol": "U3",
      "purpose": "General",
      "scene": "free"
    },
    {
      "name": "120103",
      "type": "2",
      "status": "r",
      "addr": "66.225.236.210",
      "port": "21564",
      "config": "",
      "country": "DE",
      "protocol": "U3",
      "purpose": "General",
      "scene": "free"
    },
    {
      "name": "142913",
      "type": "2",
      "status": "r",
      "addr": "66.225.236.49",
      "port": "21763",
      "config": "",
      "country": "DE",
      "protocol": "U3",
      "purpose": "General",
      "scene": "free"
    },
    {
      "name": "146296",
      "type": "2",
      "status": "r",
      "addr": "66.225.236.12",
      "port": "21146",
      "config": "",
      "country": "DE",
      "protocol": "U3",
      "purpose": "General",
      "scene": "free"
    },
    {
      "name": "9763",
      "type": "2",
      "status": "r",
      "addr": "66.225.236.237",
      "port": "21484",
      "config": "",
      "country": "DE",
      "protocol": "U3",
      "purpose": "General",
      "scene": "free"
    },
    {
      "name": "19531",
      "type": "2",
      "status": "r",
      "addr": "66.225.236.82",
      "port": "21258",
      "config": "",
      "country": "DE",
      "protocol": "U3",
      "purpose": "General",
      "scene": "free"
    },
    {
      "name": "61884",
      "type": "2",
      "status": "r",
      "addr": "66.225.236.121",
      "port": "21773",
      "config": "",
      "country": "DE",
      "protocol": "U3",
      "purpose": "General",
      "scene": "free"
    },
    {
      "name": "84761",
      "type": "2",
      "status": "r",
      "addr": "66.225.236.148",
      "port": "21254",
      "config": "",
      "country": "DE",
      "protocol": "U3",
      "purpose": "General",
      "scene": "free"
    },
    {
      "name": "9790",
      "type": "2",
      "status": "r",
      "addr": "66.225.236.143",
      "port": "21899",
      "config": "",
      "country": "DE",
      "protocol": "U3",
      "purpose": "General",
      "scene": "free"
    },
    {
      "name": "13057",
      "type": "2",
      "status": "r",
      "addr": "66.225.236.77",
      "port": "21131",
      "config": "",
      "country": "DE",
      "protocol": "U3",
      "purpose": "General",
      "scene": "free"
    },
    {
      "name": "9799",
      "type": "2",
      "status": "r",
      "addr": "66.225.236.199",
      "port": "21410",
      "config": "",
      "country": "DE",
      "protocol": "U3",
      "purpose": "General",
      "scene": "free"
    },
    {
      "name": "107878",
      "type": "2",
      "status": "r",
      "addr": "66.225.236.223",
      "port": "21643",
      "config": "",
      "country": "DE",
      "protocol": "U3",
      "purpose": "General",
      "scene": "free"
    },
    {
      "name": "104641",
      "type": "2",
      "status": "r",
      "addr": "66.225.236.30",
      "port": "21516",
      "config": "",
      "country": "DE",
      "protocol": "U3",
      "purpose": "General",
      "scene": "free"
    },
    {
      "name": "127609",
      "type": "2",
      "status": "r",
      "addr": "66.225.236.106",
      "port": "21683",
      "config": "",
      "country": "DE",
      "protocol": "U3",
      "purpose": "General",
      "scene": "free"
    },
    {
      "name": "32731",
      "type": "2",
      "status": "r",
      "addr": "66.225.236.251",
      "port": "21596",
      "config": "",
      "country": "DE",
      "protocol": "U3",
      "purpose": "General",
      "scene": "free"
    },
    {
      "name": "114661",
      "type": "2",
      "status": "r",
      "addr": "66.225.236.63",
      "port": "21968",
      "config": "",
      "country": "DE",
      "protocol": "U3",
      "purpose": "General",
      "scene": "free"
    },
    {
      "name": "108175",
      "type": "2",
      "status": "r",
      "addr": "66.225.236.8",
      "port": "21423",
      "config": "",
      "country": "DE",
      "protocol": "U3",
      "purpose": "General",
      "scene": "free"
    },
    {
      "name": "114941",
      "type": "2",
      "status": "r",
      "addr": "66.225.236.43",
      "port": "21908",
      "config": "",
      "country": "DE",
      "protocol": "U3",
      "purpose": "General",
      "scene": "free"
    },
    {
      "name": "157681",
      "type": "2",
      "status": "r",
      "addr": "66.225.236.61",
      "port": "21329",
      "config": "",
      "country": "DE",
      "protocol": "U3",
      "purpose": "General",
      "scene": "free"
    },
    {
      "name": "56084",
      "type": "2",
      "status": "r",
      "addr": "45.151.97.208",
      "port": "21505",
      "config": "",
      "country": "US",
      "protocol": "U3",
      "purpose": "General",
      "scene": "free"
    },
    {
      "name": "89452",
      "type": "2",
      "status": "r",
      "addr": "45.151.97.3",
      "port": "21472",
      "config": "",
      "country": "US",
      "protocol": "U3",
      "purpose": "General",
      "scene": "free"
    },
    {
      "name": "63062",
      "type": "2",
      "status": "r",
      "addr": "45.151.97.130",
      "port": "21267",
      "config": "",
      "country": "US",
      "protocol": "U3",
      "purpose": "General",
      "scene": "free"
    },
    {
      "name": "93129",
      "type": "2",
      "status": "r",
      "addr": "45.151.97.153",
      "port": "21146",
      "config": "",
      "country": "US",
      "protocol": "U3",
      "purpose": "General",
      "scene": "free"
    },
    {
      "name": "120025",
      "type": "2",
      "status": "r",
      "addr": "45.151.97.36",
      "port": "21348",
      "config": "",
      "country": "US",
      "protocol": "U3",
      "purpose": "General",
      "scene": "free"
    },
    {
      "name": "73459",
      "type": "2",
      "status": "r",
      "addr": "45.151.97.38",
      "port": "21203",
      "config": "",
      "country": "US",
      "protocol": "U3",
      "purpose": "General",
      "scene": "free"
    },
    {
      "name": "36752",
      "type": "2",
      "status": "r",
      "addr": "45.151.97.14",
      "port": "21900",
      "config": "",
      "country": "US",
      "protocol": "U3",
      "purpose": "General",
      "scene": "free"
    },
    {
      "name": "26745",
      "type": "2",
      "status": "r",
      "addr": "45.151.97.202",
      "port": "21709",
      "config": "",
      "country": "US",
      "protocol": "U3",
      "purpose": "General",
      "scene": "free"
    },
    {
      "name": "66881",
      "type": "2",
      "status": "r",
      "addr": "45.151.97.150",
      "port": "21566",
      "config": "",
      "country": "US",
      "protocol": "U3",
      "purpose": "General",
      "scene": "free"
    },
    {
      "name": "66941",
      "type": "2",
      "status": "r",
      "addr": "45.151.97.255",
      "port": "21508",
      "config": "",
      "country": "US",
      "protocol": "U3",
      "purpose": "General",
      "scene": "free"
    },
    {
      "name": "110584",
      "type": "2",
      "status": "r",
      "addr": "45.151.97.123",
      "port": "21347",
      "config": "",
      "country": "US",
      "protocol": "U3",
      "purpose": "General",
      "scene": "free"
    },
    {
      "name": "117391",
      "type": "2",
      "status": "r",
      "addr": "45.151.97.121",
      "port": "21853",
      "config": "",
      "country": "US",
      "protocol": "U3",
      "purpose": "General",
      "scene": "free"
    },
    {
      "name": "104068",
      "type": "2",
      "status": "r",
      "addr": "45.151.97.250",
      "port": "21383",
      "config": "",
      "country": "US",
      "protocol": "U3",
      "purpose": "General",
      "scene": "free"
    },
    {
      "name": "161281",
      "type": "2",
      "status": "r",
      "addr": "45.151.97.69",
      "port": "21604",
      "config": "",
      "country": "US",
      "protocol": "U3",
      "purpose": "General",
      "scene": "free"
    },
    {
      "name": "20167",
      "type": "2",
      "status": "r",
      "addr": "45.151.97.2",
      "port": "21703",
      "config": "",
      "country": "US",
      "protocol": "U3",
      "purpose": "General",
      "scene": "free"
    },
    {
      "name": "131665",
      "type": "2",
      "status": "r",
      "addr": "45.151.97.239",
      "port": "21509",
      "config": "",
      "country": "US",
      "protocol": "U3",
      "purpose": "General",
      "scene": "free"
    },
    {
      "name": "128707",
      "type": "2",
      "status": "r",
      "addr": "45.151.97.31",
      "port": "21026",
      "config": "",
      "country": "US",
      "protocol": "U3",
      "purpose": "General",
      "scene": "free"
    },
    {
      "name": "10186",
      "type": "2",
      "status": "r",
      "addr": "45.151.97.109",
      "port": "21150",
      "config": "",
      "country": "US",
      "protocol": "U3",
      "purpose": "General",
      "scene": "free"
    },
    {
      "name": "122293",
      "type": "2",
      "status": "r",
      "addr": "45.151.97.28",
      "port": "21544",
      "config": "",
      "country": "US",
      "protocol": "U3",
      "purpose": "General",
      "scene": "free"
    },
    {
      "name": "156539",
      "type": "2",
      "status": "r",
      "addr": "45.151.97.196",
      "port": "21898",
      "config": "",
      "country": "US",
      "protocol": "U3",
      "purpose": "General",
      "scene": "free"
    }
  ],
  "type": 2
}
