{"Servers":[{"name":"120017","type":"2","status":"r","addr":"94.237.103.146","port":"20806","config":"","country":"GB","protocol":"U1","purpose":"General","scene":"vip"},{"name":"194041","type":"2","status":"r","addr":"94.237.103.146","port":"20581","config":"","country":"FI","protocol":"U1","purpose":"General","scene":"vip"},{"name":"120355","type":"2","status":"r","addr":"94.237.103.146","port":"20612","config":"","country":"NL","protocol":"U1","purpose":"General","scene":"vip"},{"name":"226969","type":"2","status":"r","addr":"94.237.103.146","port":"20427","config":"","country":"DE","protocol":"U1","purpose":"General","scene":"vip"},{"name":"74161","type":"2","status":"r","addr":"94.237.103.146","port":"20698","config":"","country":"ES","protocol":"U1","purpose":"General","scene":"vip"},{"name":"41734","type":"2","status":"r","addr":"94.237.103.146","port":"20368","config":"","country":"AU","protocol":"U1","purpose":"General","scene":"vip"},{"name":"60373","type":"2","status":"r","addr":"94.237.103.146","port":"20204","config":"","country":"SG","protocol":"U1","purpose":"General","scene":"vip"},{"name":"209071","type":"2","status":"r","addr":"94.237.103.146","port":"20858","config":"","country":"PL","protocol":"U1","purpose":"General","scene":"vip"}],"type":2}