{"Servers":[{"name":"4830","type":"2","status":"r","addr":"jklo.aboutstarhg.website","port":"20770","config":"","country":"US","protocol":"S1","purpose":"General","scene":"free"},{"name":"4831","type":"2","status":"r","addr":"jklo.aboutstarhg.website","port":"20559","config":"","country":"NL","protocol":"S1","purpose":"General","scene":"vip"},{"name":"4832","type":"2","status":"r","addr":"jklo.aboutstarhg.website","port":"20690","config":"","country":"GB","protocol":"S1","purpose":"General","scene":"vip"},{"name":"4834","type":"2","status":"r","addr":"jklo.aboutstarhg.website","port":"20577","config":"","country":"FI","protocol":"S1","purpose":"General","scene":"vip"},{"name":"4836","type":"2","status":"r","addr":"jklo.aboutstarhg.website","port":"20071","config":"","country":"PL","protocol":"S1","purpose":"General","scene":"vip"},{"name":"4837","type":"2","status":"r","addr":"jklo.aboutstarhg.website","port":"20898","config":"","country":"DE","protocol":"S1","purpose":"General","scene":"vip"},{"name":"4838","type":"2","status":"r","addr":"jklo.aboutstarhg.website","port":"20783","config":"","country":"ES","protocol":"S1","purpose":"General","scene":"vip"},{"name":"4840","type":"2","status":"r","addr":"jklo.aboutstarhg.website","port":"20716","config":"","country":"SG","protocol":"S1","purpose":"General","scene":"vip"},{"name":"4841","type":"2","status":"r","addr":"jklo.aboutstarhg.website","port":"20457","config":"","country":"AU","protocol":"S1","purpose":"General","scene":"vip"}],"type":2}