{"adsMode":"Remote","adsSingleIdMode":"1","summaryAdLocal":"0","timeLimitedMode":"0","timeLimitedConnection":"0","defaultTimeLimit":"15","minTimeLimit":"5","extendTimeSmall":"45","extendTimeBig":"90","report":"0","fixedServer":"1","repair":"1","summary":"0","adsTest":"0","screenMirroring":"1","hotspot":"1","adsDisabledFirst":"0","adsDisabledPeriod":"0","drawerCodeItemEnabled":"0","disconnectDialogEnabled":"0","summaryScreenEnabled":"0","reportScreenEnabled":"0","youtubeChan":"https://youtube.com","telegramChan":"","livechat":"https://demolivechat.com/","email":"","telegram":"swingvpniran","whatsapp":"+12345298809","facebook":"https://facebook.com","instagram":"https://instagram.com","twitter":"https://twitter.com","tiktok":"https://tiktok.com","fakeServerList":"0","fakeServerListP":"0","fakeServerListPP":"0","fakeServerListPPS":"0","fakeServerListVIP":"0","fakeServerListGP":"0","gdServers":"1zsCiBTdVcgLEGjiGweiQT7Fy6PYEK3lu","gdServersTP":"1Pp49rIWXy4LnfCaeb57ddJpdJAu6_Y5P","gdServersPP":"1hZ91ka9EDdTHR4zNJm8wSD8YxgKEvX-A","gdServersPPS":"1Keo5JhWOtAJzJPMiKNEPpCpr3r6Jl2qh","gdServersVIP":"16iJLtXdz5dIQ_YsqBp4W2Hn6YRGzNfUy","gdServersGP":"1yOesxSB70L8FKjUmPWoipB1qRiqNssMu","ghServers":"IRNCELL_s","ghServersTP":"IRNCELL_sp","ghServersPP":"IRNCELL_spp","ghServersPPS":"IRNCELL_spps","ghServersVIP":"IRNCELL_svip","ghServersGP":"IRNCELL_sgp","update":{"enabled":"0","updateVersionName":"","updateForcedCode":"","updateAbout":"","updateMirror1":"","updateMirror2":""},"urls":{"enabled":"1","minTime":"15","maxTime":"15","randCi":"1","urlList":[{"url":"https://www.science.gov.tm/en/news/~Page11/","method":"GET"},{"url":"https://www.science.gov.tm/en/news/20220329news-2022-03-28-1/","method":"GET"},{"url":"https://www.science.gov.tm/en/news/20220310news-2022-03-09-1/","method":"GET"}],"uaList":["Mozilla/5.0 (X11; Linux x86_64; rv:109.0) Gecko/20100101 Firefox/112.0","Mozilla/5.0 (Windows NT 10.0; Win64; x64) AppleWebKit/537.36 (KHTML, like Gecko) Chrome/112.0.0.0 Safari/537.36","Mozilla/5.0 (Linux; Android 10; SM-G980F Build/QP1A.190711.020; wv) AppleWebKit/537.36 (KHTML, like Gecko) Version/4.0 Chrome/78.0.3904.96 Mobile Safari/537.36","Mozilla/5.0 (iPhone; CPU iPhone OS 16_4 like Mac OS X) AppleWebKit/605.1.15 (KHTML, like Gecko) CriOS/112.0.5615.69 Mobile/15E148 Safari/604.1","Mozilla/5.0 (Linux; Android 12; Pixel 6 Build/SD1A.210817.023; wv) AppleWebKit/537.36 (KHTML, like Gecko) Version/4.0 Chrome/94.0.4606.71 Mobile Safari/537.36"]}}