{"Servers":[{"name":"93313","type":"2","status":"r","addr":"jklo.aboutstarhg.website","port":"20770","config":"","country":"US","protocol":"S1","purpose":"General","scene":"free"},{"name":"124525","type":"2","status":"r","addr":"jklo.aboutstarhg.website","port":"20559","config":"","country":"NL","protocol":"S1","purpose":"General","scene":"vip"},{"name":"217047","type":"2","status":"r","addr":"jklo.aboutstarhg.website","port":"20690","config":"","country":"GB","protocol":"S1","purpose":"General","scene":"vip"},{"name":"106330","type":"2","status":"r","addr":"jklo.aboutstarhg.website","port":"20577","config":"","country":"FI","protocol":"S1","purpose":"General","scene":"vip"},{"name":"124930","type":"2","status":"r","addr":"jklo.aboutstarhg.website","port":"20071","config":"","country":"PL","protocol":"S1","purpose":"General","scene":"vip"},{"name":"162086","type":"2","status":"r","addr":"jklo.aboutstarhg.website","port":"20898","config":"","country":"DE","protocol":"S1","purpose":"General","scene":"vip"},{"name":"83449","type":"2","status":"r","addr":"jklo.aboutstarhg.website","port":"20783","config":"","country":"ES","protocol":"S1","purpose":"General","scene":"vip"},{"name":"148449","type":"2","status":"r","addr":"jklo.aboutstarhg.website","port":"20716","config":"","country":"SG","protocol":"S1","purpose":"General","scene":"vip"},{"name":"148545","type":"2","status":"r","addr":"jklo.aboutstarhg.website","port":"20457","config":"","country":"AU","protocol":"S1","purpose":"General","scene":"vip"}],"type":2}