{
  "Ads": [
    {
      "status": "1",
      "timeout": "",
      "unit_id": "ca-app-pub-8014572374656114/1582289761",
      "unit_name": "splash_inter",
      "group": "A1;B1;B2;B3;IRANMCI;IRANTELCOM;IRNCELL;RU"
    },
    {
      "status": "1",
      "timeout": "",
      "unit_id": "ca-app-pub-8014572374656114/9452492180",
      "unit_name": "connect_inter",
      "group": "A1;B1;B2;B3;IRANMCI;IRANTELCOM;IRNCELL;RU"
    },
    {
      "status": "1",
      "timeout": "",
      "unit_id": "ca-app-pub-8014572374656114/1806501102",
      "unit_name": "disconnect_inter",
      "group": "A1;B1;B2;B3;IRANMCI;IRANTELCOM;IRNCELL;RU"
    },
    {
      "status": "1",
      "timeout": "",
      "unit_id": "ca-app-pub-8014572374656114/6643044750",
      "unit_name": "resume_inter",
      "group": "IRANMCI;IRANTELCOM;IRNCELL"
    },
    {
      "status": "1",
      "timeout": "",
      "unit_id": "ca-app-pub-8014572374656114/5321675481",
      "unit_name": "browser_inter",
      "group": "A1"
    },
    {
      "status": "1",
      "timeout": "",
      "unit_id": "ca-app-pub-8014572374656114/1382430473",
      "unit_name": "speedtest_inter",
      "group": "A1"
    },
    {
      "status": "1",
      "timeout": "",
      "unit_id": "ca-app-pub-8014572374656114/6443185468",
      "unit_name": "hotspot_inter",
      "group": "A1"
    },
    {
      "status": "1",
      "timeout": "",
      "unit_id": "ca-app-pub-8014572374656114/7988766078",
      "unit_name": "mirroring_inter",
      "group": "A1"
    },
    {
      "status": "1",
      "timeout": "",
      "unit_id": "ca-app-pub-8014572374656114/4049521069",
      "unit_name": "checkip_inter",
      "group": "A1"
    },
    {
      "status": "1",
      "timeout": "",
      "unit_id": "ca-app-pub-8014572374656114/4312394883",
      "unit_name": "splittun_inter",
      "group": ""
    },
    {
      "status": "1",
      "timeout": "",
      "unit_id": "ca-app-pub-8014572374656114/5433904863",
      "unit_name": "smallextend_inter",
      "group": "A1"
    },
    {
      "status": "1",
      "timeout": "",
      "unit_id": "ca-app-pub-8014572374656114/3789101965",
      "unit_name": "bigextend_inter",
      "group": "A1"
    }
  ],
  "Api": [
    {
      "pid": "zyyaG2zm3FxJzm9ML6eBhnwwl",
      "type": 3,
      "url": "https://turkmenistanairlines.tm/tm/flights/search?_token=wN908a6DnV1Dm0ZWiCMsWJ9eCxLTDxqED7HxmIOv&search_type=internal&departPort=CRZ&arrivalPort=TAZ&tripType=rt&departDate=3%2F31%2F2023&arrivalDate=4%2F2%2F2023&adult=2&child=0&infant=0&is_cship=on"
    },
    {
      "pid": "IEJgirgoro48hgisSDFG84ogoi84S9",
      "type": 99,
      "url": "https://turkmenistan.gov.tm/tk"
    },
    {
      "pid": "NGVlkIloeaSZjIJzGB9d4Ad5h",
      "type": 4,
      "url": "https://freekept.com/devices/"
    }
  ],
  "Apps": [],
  "Priorities": [
    {
      "iso_name": "aw",
      "priority": "1"
    },
    {
      "iso_name": "af",
      "priority": "2"
    },
    {
      "iso_name": "ax",
      "priority": "3"
    },
    {
      "iso_name": "ao",
      "priority": "4"
    },
    {
      "iso_name": "ai",
      "priority": "5"
    },
    {
      "iso_name": "al",
      "priority": "6"
    },
    {
      "iso_name": "ad",
      "priority": "7"
    },
    {
      "iso_name": "ae",
      "priority": "8"
    },
    {
      "iso_name": "ar",
      "priority": "9"
    },
    {
      "iso_name": "am",
      "priority": "12"
    },
    {
      "iso_name": "as",
      "priority": "12"
    },
    {
      "iso_name": "aq",
      "priority": "13"
    },
    {
      "iso_name": "tf",
      "priority": "15"
    },
    {
      "iso_name": "ag",
      "priority": "16"
    },
    {
      "iso_name": "au",
      "priority": "158"
    },
    {
      "iso_name": "at",
      "priority": "16"
    },
    {
      "iso_name": "az",
      "priority": "17"
    },
    {
      "iso_name": "et",
      "priority": "18"
    },
    {
      "iso_name": "zm",
      "priority": "19"
    },
    {
      "iso_name": "bj",
      "priority": "20"
    },
    {
      "iso_name": "be",
      "priority": "21"
    },
    {
      "iso_name": "in",
      "priority": "22"
    }
  ],
  "Providers": [
    {
      "country": "tm",
      "group": "B1",
      "isp": "State Company of Electro Communications Turkmentelecom",
      "gd": "1SYSeNHgv6qgn9E0ScAoKycl5qedqo3TY",
      "gh": "B1_c"
    },
    {
      "country": "tm",
      "group": "B2",
      "isp": "Telephone Network of Ashgabat CJSC;AGTS CDMA Mobile Department",
      "gd": "1KjZIpnYxfdp9PIhJCdbqwINVyh6KTjCI",
      "gh": "B2_c"
    },
    {
      "country": "tm",
      "group": "B3",
      "isp": "Altyn Asyr CJSC",
      "gd": "12jknHf213Ii6Ke6tJEcnQ6Kc4vi8iuhJ",
      "gh": "B3_c"
    },
    {
      "country": "default",
      "group": "GLOBAL",
      "isp": "",
      "gd": "1T-TyFDS_uXU5SiYhDwRPYIFhYjsobAlv",
      "gh": "GLOBAL_c"
    },
    {
      "country": "ru",
      "group": "RU",
      "isp": "",
      "gd": "172g_8gPdX5hXotykOcvEljnrHrsYTNZz",
      "gh": "RU_c"
    },
    {
      "country": "ir",
      "group": "IRANTELCOM",
      "isp": "",
      "gd": "1gQJLpZRQljyZ94TAkMz_OrNAjEz-bzys",
      "gh": "IRANTELCOM_c"
    },
    {
      "country": "ir",
      "group": "IRNCELL",
      "isp": "Iran Cell Service and Communication Company",
      "gd": "1JoTXR6KJubVHYe7UGQVOV4CZpYlBsMvp",
      "gh": "IRNCELL_c"
    },
    {
      "country": "ae",
      "group": "A1",
      "isp": "",
      "gd": "1UooWTnCSGRNLcrRuxlf_c42Qjy3Pdkat",
      "gh": "A1_c"
    },
    {
      "country": "ae",
      "group": "A2",
      "isp": "Emirates Integrated Telecommunications Company PJSC",
      "gd": "1n60Hzlioo5Hh5QCd0_-Zpx6rmKYUoAAP",
      "gh": "A2_c"
    },
    {
      "country": "ir",
      "group": "IRANMCI",
      "isp": "Mobile Communication Company of Iran PLC",
      "gd": "1k4g3HJxP8GAXoaN7-p4Oj77YDd1sH380",
      "gh": "IRANMCI_c"
    }
  ],
  "Settings": {
    "latestVersionName": "1.4.0",
    "connect_ads_delay": "7000",
    "ratingDialogInterval": "5",
    "telegram_id": "SwingLiteVPN",
    "whatsapp_number": "+17862977048",
    "castingApps": "com.creative.fastscreen.phone;com.android.chrome;org.mozilla.firefox",
    "ipUrl": "https://www.iptocheck.com",
    "telegram": "https://t.me/swingvpn",
    "youtube": "https://youtube.com",
    "socialPopupInterval": "10",
    "socialPopupAfterClickInterval": "20"
  },
  "Maintenance": {
    "updateGroups": "A1;B1;B2",
    "updateVersionName": "1.4.0",
    "updateForcedCode": "139",
    "updateAbout": "1. Faster Connection;2. Some Servers Added;3. User Experience Improvements;4. Minor Bugs",
    "updateMirror1": "https://mega.nz/file/Qo4SHQhR#hTscHPI2nmUsQCcAA2VKAgUmVJILSyS-NU5SJuTae18",
    "updateMirror2": "https://f1.downloadsix.art/SwingVPN-v182.apk",
    "updateCritical": "1",
    "dialogs": []
  }
}
