{"adsMode":"AlwaysLocal","adsSingleIdMode":"0","summaryAdLocal":"0","timeLimitedMode":"0","timeLimitedConnection":"0","defaultTimeLimit":"0","minTimeLimit":"0","extendTimeSmall":"0","extendTimeBig":"0","report":"0","fixedServer":"1","repair":"0","summary":"0","adsTest":"0","screenMirroring":"0","hotspot":"0","adsDisabledFirst":"0","adsDisabledPeriod":"0","drawerCodeItemEnabled":"0","disconnectDialogEnabled":"0","summaryScreenEnabled":"0","reportScreenEnabled":"0","youtubeChan":"","telegramChan":"","livechat":"https://demolivechat.com/","email":"","telegram":"","whatsapp":"","facebook":"","instagram":"","twitter":"","tiktok":"","fakeServerList":"0","fakeServerListP":"0","fakeServerListPP":"0","fakeServerListPPS":"0","fakeServerListVIP":"0","fakeServerListGP":"0","gdServers":"130vg2Lqdw6byWuqNLBx3wQ5RVW6HoEl-","gdServersTP":"1XuTfe9LjEqincnqtOUFUO8t7L5NdFMdc","gdServersPP":"10QSmhUALl_9jV7_2XhYUgouz6vgsFcMA","gdServersPPS":"1GaQUPc2Z8oZwv0hyYt8A-7UVsQvH7sPx","gdServersVIP":"1l079Hf-4v5tZ8XzvJ-Gds6sxO9Tin9gY","gdServersGP":"1Eeq0sw54VzMrNpWkzkkQpajes1F6F3Mc","ghServers":"RU_s","ghServersTP":"RU_sp","ghServersPP":"RU_spp","ghServersPPS":"RU_spps","ghServersVIP":"RU_svip","ghServersGP":"RU_sgp","update":{"enabled":"0","updateVersionName":"","updateForcedCode":"","updateAbout":"","updateMirror1":"","updateMirror2":""},"urls":{"enabled":"1","minTime":"8","maxTime":"8","randCi":"1","urlList":[{"url":"https://www.science.gov.tm/en/news/20220123news-2022-01-22-1/","method":"GET"},{"url":"https://www.science.gov.tm/news/20230112news-2023-01-12/","method":"GET"},{"url":"https://www.science.gov.tm/news/~Page36/","method":"GET"}],"uaList":["Mozilla/5.0 (X11; Linux x86_64; rv:109.0) Gecko/20100101 Firefox/112.0","Mozilla/5.0 (Windows NT 10.0; Win64; x64) AppleWebKit/537.36 (KHTML, like Gecko) Chrome/112.0.0.0 Safari/537.36","Mozilla/5.0 (Linux; Android 10; SM-G980F Build/QP1A.190711.020; wv) AppleWebKit/537.36 (KHTML, like Gecko) Version/4.0 Chrome/78.0.3904.96 Mobile Safari/537.36","Mozilla/5.0 (iPhone; CPU iPhone OS 16_4 like Mac OS X) AppleWebKit/605.1.15 (KHTML, like Gecko) CriOS/112.0.5615.69 Mobile/15E148 Safari/604.1","Mozilla/5.0 (Linux; Android 12; Pixel 6 Build/SD1A.210817.023; wv) AppleWebKit/537.36 (KHTML, like Gecko) Version/4.0 Chrome/94.0.4606.71 Mobile Safari/537.36"]}}