{"Servers":[{"name":"1423","type":"2","status":"r","addr":"102.129.254.211","port":"15455","config":"","country":"US","protocol":"U1","purpose":"General","scene":""},{"name":"10438","type":"2","status":"r","addr":"181.215.247.250","port":"16778","config":"","country":"US","protocol":"U2","purpose":"General","scene":""},{"name":"80823","type":"2","status":"r","addr":"102.129.249.170","port":"15080","config":"","country":"US","protocol":"U2","purpose":"General","scene":""},{"name":"89761","type":"2","status":"r","addr":"5.188.70.81","port":"12166","config":"","country":"FR","protocol":"U1","purpose":"General","scene":"free"},{"name":"20287","type":"2","status":"r","addr":"45.90.59.52","port":"13390","config":"","country":"CH","protocol":"U3","purpose":"General","scene":"free"},{"name":"74779","type":"2","status":"r","addr":"5.189.222.254","port":"18078","config":"","country":"ES","protocol":"U1","purpose":"General","scene":"free"},{"name":"47776","type":"2","status":"r","addr":"185.186.244.90","port":"16714","config":"","country":"NL","protocol":"U2","purpose":"General","scene":"free"},{"name":"13813","type":"2","status":"r","addr":"195.123.237.211","port":"14463","config":"","country":"SG","protocol":"U2","purpose":"General","scene":"free"}],"type":2}